{
	"people": [{
			"name": "Adam Wright",
			"email": "adam@megacorp.com",
			"phone": "(555)123-1234",
			"profileImage": "https://bootdey.com/img/Content/avatar/avatar7.png",
			"education": [{
				"institution": "NC State University",
				"startYear": 2001,
				"endYear": 2004,
				"degree": "Bachelor's, Computer Science"
			}],

			"workExperience": [{
					"institution": "Megacorp",
					"startYear": 2001,
					"title": "Software Developer"
				},
				{
					"institution": "Food Inc.",
					"startYear": 1998,
					"endYear": 2001,
					"title": "Software Developer"
				}
			]
		},
		{
			"name": "Joe Manfrey",
			"email": "joe@food.com",
			"phone": "(555)987-6543",
			"profileImage": "https://bootdey.com/img/Content/avatar/avatar4.png",
			"education": [{
				"institution": "Clemson University",
				"startYear": 1990,
				"endYear": 1995,
				"degree": "Bachelor's, Computer Science"
			}],

			"workExperience": [{
				"institution": "Food Inc.",
				"startYear": 1998,
				"title": "Software Developer"
			}]
		},
		{
			"name": "Douglas Cho",
			"email": "doug@food.com",
			"phone": "(555)246-8101",
			"profileImage": "https://bootdey.com/img/Content/avatar/avatar3.png",
			"education": [{
				"institution": "University of NC, Chapel Hill",
				"startYear": 1990,
				"endYear": 1995,
				"degree": "Marketing"
			}],

			"workExperience": [{
				"institution": "Food Inc.",
				"startYear": 1998,
				"title": "Software Developer"
			}]
		},
		{
			"name": "Allison Murray",
			"email": "allison@up.com",
			"phone": "(555)444-3333",
			"profileImage": "https://bootdey.com/img/Content/avatar/avatar2.png",
			"education": [{
				"institution": "University of Southern California",
				"startYear": 2001,
				"endYear": 2005,
				"degree": "Sociology"
			}],

			"workExperience": [{
				"institution": "United Products",
				"startYear": 1998,
				"title": "Directory of IT"
			}]
		}
	]
}
